,title,mean_rating,cluster,popularity
0,Toy Story (1995),3.9209302325581397,1,215
1,Grumpier Old Men (1995),3.2596153846153846,9,52
2,Heat (1995),3.946078431372549,5,102
3,Seven (a.k.a. Se7en) (1995),3.9753694581280787,8,203
4,"Usual Suspects, The (1995)",4.237745098039215,8,204
5,From Dusk Till Dawn (1996),3.5090909090909093,7,55
6,Bottle Rocket (1996),3.782608695652174,6,23
7,Braveheart (1995),4.031645569620253,3,237
8,Rob Roy (1995),3.5454545454545454,2,44
9,Desperado (1995),3.5606060606060606,4,66
10,Billy Madison (1995),3.326530612244898,4,49
11,Clerks (1994),3.855769230769231,2,104
12,Dumb & Dumber (Dumb and Dumber) (1994),3.0601503759398496,7,133
13,Ed Wood (1994),3.6785714285714284,5,70
14,Star Wars: Episode IV - A New Hope (1977),4.231075697211155,3,251
15,Pulp Fiction (1994),4.197068403908795,8,307
16,Stargate (1994),3.375,1,140
17,Tommy Boy (1995),3.78,7,50
18,Clear and Present Danger (1994),3.6045454545454545,4,110
19,Forrest Gump (1994),4.164133738601824,0,329
20,"Jungle Book, The (1994)",3.5294117647058822,3,34
21,"Mask, The (1994)",3.1847133757961785,2,157
22,Dazed and Confused (1993),3.9285714285714284,8,42
23,"Fugitive, The (1993)",3.9921052631578946,4,190
24,Jurassic Park (1993),3.75,7,238
25,Mrs. Doubtfire (1993),3.388888888888889,1,144
26,Schindler's List (1993),4.225,6,220
27,So I Married an Axe Murderer (1993),3.317073170731707,7,41
28,"Three Musketeers, The (1993)",3.262295081967213,9,61
29,Tombstone (1993),3.8153846153846156,1,65
30,Dances with Wolves (1990),3.8353658536585367,6,164
31,Batman (1989),3.4285714285714284,3,189
32,"Silence of the Lambs, The (1991)",4.161290322580645,3,279
33,Pinocchio (1940),3.45,5,60
34,Fargo (1996),4.116022099447513,5,181
35,Mission: Impossible (1996),3.537037037037037,1,162
36,James and the Giant Peach (1996),3.4489795918367347,2,49
37,Space Jam (1996),2.707547169811321,9,53
38,"Rock, The (1996)",3.6404958677685952,3,121
39,Twister (1996),3.321138211382114,6,123
40,Independence Day (a.k.a. ID4) (1996),3.4455445544554455,9,202
41,"Wizard of Oz, The (1939)",3.880434782608696,6,92
42,Citizen Kane (1941),4.043478260869565,5,69
43,"Sword in the Stone, The (1963)",3.58,2,25
44,Dumbo (1941),3.3857142857142857,6,35
45,Bedknobs and Broomsticks (1971),3.4791666666666665,9,24
46,Alice in Wonderland (1951),3.375,2,40
47,That Thing You Do! (1996),3.2738095238095237,3,42
48,"Ghost and the Darkness, The (1996)",3.4761904761904763,3,21
49,Swingers (1996),3.6944444444444446,3,36
50,Willy Wonka & the Chocolate Factory (1971),3.8739495798319328,3,119
51,Monty Python's Life of Brian (1979),3.9269662921348316,3,89
52,Reservoir Dogs (1992),4.202290076335878,5,131
53,Platoon (1986),3.984126984126984,9,63
54,Basic Instinct (1992),3.1914893617021276,8,47
55,E.T. the Extra-Terrestrial (1982),3.7663934426229506,7,122
56,"Abyss, The (1989)",3.475806451612903,9,62
57,Monty Python and the Holy Grail (1975),4.161764705882353,5,136
58,Star Wars: Episode V - The Empire Strikes Back (1980),4.2156398104265405,5,211
59,"Princess Bride, The (1987)",4.232394366197183,6,142
60,Raiders of the Lost Ark (Indiana Jones and the Raiders of the Lost Ark) (1981),4.2075,3,200
61,"Clockwork Orange, A (1971)",3.995833333333333,5,120
62,Apocalypse Now (1979),4.219626168224299,6,107
63,Star Wars: Episode VI - Return of the Jedi (1983),4.137755102040816,7,196
64,Goodfellas (1990),4.25,0,126
65,Alien (1979),3.969178082191781,8,146
66,Psycho (1960),4.036144578313253,5,83
67,"Blues Brothers, The (1980)",3.8095238095238093,5,84
68,Full Metal Jacket (1987),4.098039215686274,7,102
69,"Terminator, The (1984)",3.8969465648854964,3,131
70,Duck Soup (1933),3.8043478260869565,2,23
71,"Shining, The (1980)",4.08256880733945,6,109
72,Groundhog Day (1993),3.944055944055944,3,143
73,Back to the Future (1985),4.038011695906433,6,171
74,Highlander (1986),3.7291666666666665,7,48
75,Young Frankenstein (1974),3.9927536231884058,8,69
76,Fantasia (1940),3.7830188679245285,4,53
77,Indiana Jones and the Last Crusade (1989),4.046428571428572,3,140
78,Pink Floyd: The Wall (1982),3.760869565217391,7,23
79,Batman Returns (1992),3.025,2,60
80,Sneakers (1992),3.4782608695652173,1,46
81,"Last of the Mohicans, The (1992)",3.8333333333333335,7,39
82,Grosse Pointe Blank (1997),3.610169491525424,2,59
83,Austin Powers: International Man of Mystery (1997),3.535,0,100
84,Con Air (1997),3.0338983050847457,4,59
85,Face/Off (1997),3.3701298701298703,2,77
86,Men in Black (a.k.a. MIB) (1997),3.487878787878788,1,165
87,Conan the Barbarian (1982),3.2580645161290325,8,31
88,L.A. Confidential (1997),4.061855670103093,5,97
89,"Game, The (1997)",3.7012987012987013,5,77
90,I Know What You Did Last Summer (1997),2.109375,3,32
91,Starship Troopers (1997),3.33125,0,80
92,"Big Lebowski, The (1998)",3.9245283018867925,8,106
93,"Wedding Singer, The (1998)",3.419642857142857,4,56
94,Wild Things (1998),3.0161290322580645,4,31
95,Rocky (1976),3.828125,3,64
96,Labyrinth (1986),3.8214285714285716,3,42
97,Lethal Weapon (1987),3.6733333333333333,9,75
98,"Goonies, The (1985)",3.5701754385964914,2,57
99,Back to the Future Part III (1990),3.3693181818181817,2,88
100,Bambi (1942),3.3684210526315788,2,38
101,Saving Private Ryan (1998),4.1462765957446805,7,188
102,Flight of the Navigator (1986),3.2083333333333335,1,24
103,"Honey, I Shrunk the Kids (1989)",2.7573529411764706,6,68
104,"Negotiator, The (1998)",3.35,3,30
105,"Jungle Book, The (1967)",3.830188679245283,5,53
106,"Rocketeer, The (1991)",3.2564102564102564,7,39
107,Sleeping Beauty (1959),3.409090909090909,7,22
108,Tron (1982),3.34,2,50
109,Indiana Jones and the Temple of Doom (1984),3.638888888888889,3,108
110,Charlotte's Web (1973),3.5476190476190474,2,21
111,"Secret of NIMH, The (1982)",3.4761904761904763,3,21
112,"NeverEnding Story, The (1984)",3.5813953488372094,2,43
113,Beetlejuice (1988),3.4725274725274726,6,91
114,Willow (1988),3.3375,3,40
115,"Few Good Men, A (1992)",3.789473684210526,9,57
116,Rush Hour (1998),3.261904761904762,9,42
117,Edward Scissorhands (1990),3.7,2,80
118,American History X (1998),4.217054263565892,9,129
119,Enemy of the State (1998),3.4925373134328357,3,67
120,King Kong (1933),3.64,2,25
121,Rushmore (1998),3.544642857142857,6,56
122,Romancing the Stone (1984),3.4537037037037037,3,54
123,"Thin Red Line, The (1998)",3.3,5,35
124,Crocodile Dundee (1986),3.175438596491228,7,57
125,¡Three Amigos! (1986),3.1346153846153846,1,26
126,Office Space (1999),4.090425531914893,3,94
127,Logan's Run (1976),3.2291666666666665,7,24
128,Planet of the Apes (1968),3.8035714285714284,3,56
129,"Lock, Stock & Two Smoking Barrels (1998)",4.052238805970149,8,67
130,"Matrix, The (1999)",4.192446043165468,8,278
131,Go (1999),3.9615384615384617,0,39
132,Dick Tracy (1990),2.8846153846153846,9,26
133,"Mummy, The (1999)",3.1206896551724137,1,87
134,Star Wars: Episode I - The Phantom Menace (1999),3.107142857142857,7,140
135,Superman (1978),3.6065573770491803,9,61
136,Superman II (1980),3.020408163265306,6,49
137,"Rocky Horror Picture Show, The (1975)",3.3412698412698414,3,63
138,Run Lola Run (Lola rennt) (1998),4.0,9,75
139,"South Park: Bigger, Longer and Uncut (1999)",3.861842105263158,5,76
140,Ghostbusters (a.k.a. Ghost Busters) (1984),3.775,3,120
141,"Iron Giant, The (1999)",4.051282051282051,3,39
142,Big (1988),3.71978021978022,3,91
143,"13th Warrior, The (1999)",2.9038461538461537,5,26
144,American Beauty (1999),4.056372549019608,5,204
145,Excalibur (1981),3.64,8,25
146,Total Recall (1990),3.653409090909091,9,88
147,"Dirty Dozen, The (1967)",3.96875,5,32
148,Goldfinger (1964),3.839622641509434,9,53
149,From Russia with Love (1963),3.75,9,36
150,Dr. No (1962),3.712121212121212,7,33
151,Fight Club (1999),4.272935779816514,8,218
152,RoboCop (1987),3.3714285714285714,0,70
153,Who Framed Roger Rabbit? (1988),3.5721649484536084,7,97
154,Live and Let Die (1973),3.6956521739130435,9,23
155,Thunderball (1965),3.4791666666666665,4,24
156,Being John Malkovich (1999),3.9545454545454546,0,99
157,Spaceballs (1987),3.483050847457627,3,59
158,Robin Hood (1973),3.513888888888889,0,36
159,Dogma (1999),3.6455696202531644,8,79
160,"Green Mile, The (1999)",4.148648648648648,2,111
161,Easy Rider (1969),3.603448275862069,2,29
162,"Talented Mr. Ripley, The (1999)",3.336734693877551,4,49
163,Sister Act (1992),3.0277777777777777,2,36
164,Wayne's World (1992),3.4754098360655736,9,61
165,Scream 3 (2000),2.6724137931034484,6,29
166,JFK (1991),3.5,2,31
167,"Good Morning, Vietnam (1987)",3.802325581395349,0,43
168,Grumpy Old Men (1993),3.293103448275862,6,29
169,Hook (1991),3.358490566037736,8,53
170,Predator (1987),3.581967213114754,7,61
171,Gladiator (2000),3.9382352941176473,0,170
172,Road Trip (2000),3.0853658536585367,7,41
173,Blazing Saddles (1974),3.935483870967742,7,62
174,Mad Max (1979),3.486842105263158,1,38
175,"Road Warrior, The (Mad Max 2) (1981)",4.0375,8,40
176,Big Trouble in Little China (1986),3.857142857142857,3,28
177,X-Men (2000),3.699248120300752,7,133
178,What About Bob? (1991),3.2714285714285714,1,35
179,M*A*S*H (a.k.a. MASH) (1970),3.9347826086956523,6,46
180,"Shawshank Redemption, The (1994)",4.429022082018927,4,317
181,Good Will Hunting (1997),4.078014184397163,0,141
182,Kill Bill: Vol. 1 (2003),3.9618320610687023,5,131
183,Collateral (2004),3.7613636363636362,2,44
184,Talladega Nights: The Ballad of Ricky Bobby (2006),3.25,4,28
185,"Departed, The (2006)",4.252336448598131,5,107
186,"Dark Knight, The (2008)",4.238255033557047,7,149
187,Step Brothers (2008),3.5535714285714284,4,28
188,Inglourious Basterds (2009),4.136363636363637,2,88
189,Zombieland (2009),3.8773584905660377,1,53
190,Shutter Island (2010),4.022388059701493,5,67
191,Inception (2010),4.066433566433567,4,143
192,"Town, The (2010)",3.9545454545454546,4,22
193,"Dark Knight Rises, The (2012)",3.9934210526315788,0,76
194,"Girl with the Dragon Tattoo, The (2011)",3.488095238095238,2,42
195,Django Unchained (2012),3.943661971830986,7,71
196,"Wolf of Wall Street, The (2013)",3.9166666666666665,7,54
197,Interstellar (2014),3.993150684931507,3,73
198,Whiplash (2014),4.0394736842105265,9,38
199,Ex Machina (2015),3.9107142857142856,3,28
200,Mad Max: Fury Road (2015),3.8191489361702127,7,47
201,Dangerous Minds (1995),3.1842105263157894,9,38
202,Courage Under Fire (1996),3.3275862068965516,9,29
203,Wallace & Gromit: The Best of Aardman Animation (1996),4.092592592592593,2,27
204,Escape from L.A. (1996),2.9204545454545454,0,44
205,My Fair Lady (1964),4.042857142857143,5,35
206,"Doors, The (1991)",3.4054054054054053,9,37
207,"Deer Hunter, The (1978)",3.8255813953488373,1,43
208,Patton (1970),4.121212121212121,9,33
209,Field of Dreams (1989),3.517857142857143,7,56
210,Star Trek: The Motion Picture (1979),3.0444444444444443,2,45
211,Lady and the Tramp (1955),3.4,6,55
212,"Thing, The (1982)",3.933333333333333,3,45
213,You've Got Mail (1998),3.12,9,50
214,Fast Times at Ridgemont High (1982),3.4761904761904763,6,42
215,Requiem for a Dream (2000),3.921875,2,96
216,2012 (2009),2.619047619047619,7,21
217,Get Shorty (1995),3.49438202247191,0,89
218,Twelve Monkeys (a.k.a. 12 Monkeys) (1995),3.983050847457627,8,177
219,To Die For (1995),3.3125,2,32
220,Mighty Aphrodite (1995),3.4642857142857144,4,28
221,"Postman, The (Postino, Il) (1994)",4.027027027027027,6,37
222,Before Sunrise (1995),4.041666666666667,2,24
223,Heavenly Creatures (1994),3.9285714285714284,5,21
224,Like Water for Chocolate (Como agua para chocolate) (1992),3.9393939393939394,4,33
225,Muriel's Wedding (1994),3.272727272727273,0,33
226,"Adventures of Priscilla, Queen of the Desert, The (1994)",3.5972222222222223,6,36
227,Bullets Over Broadway (1994),3.5833333333333335,0,30
228,Four Weddings and a Funeral (1994),3.5194174757281553,4,103
229,Maverick (1994),3.5,2,74
230,In the Name of the Father (1993),4.3,8,25
231,"Piano, The (1993)",3.540983606557377,5,61
232,Sleepless in Seattle (1993),3.4716981132075473,4,106
233,Aladdin (1992),3.7923497267759565,4,183
234,Beauty and the Beast (1991),3.7705479452054793,6,146
235,"Truth About Cats & Dogs, The (1996)",3.3879310344827585,8,58
236,"Philadelphia Story, The (1940)",4.310344827586207,6,29
237,Singin' in the Rain (1952),4.074468085106383,4,47
238,Breakfast at Tiffany's (1961),3.8472222222222223,4,36
239,Rear Window (1954),4.261904761904762,2,84
240,North by Northwest (1959),4.184210526315789,6,57
241,Some Like It Hot (1959),4.01,2,50
242,Casablanca (1942),4.24,4,100
243,Gone with the Wind (1939),3.6444444444444444,1,45
244,Sleeper (1973),3.75,2,28
245,"Fish Called Wanda, A (1988)",3.9225352112676055,3,71
246,Bonnie and Clyde (1967),4.071428571428571,7,35
247,Dial M for Murder (1954),4.1,0,25
248,"Crying Game, The (1992)",3.4404761904761907,5,42
249,"Grifters, The (1990)",3.6296296296296298,6,27
250,"English Patient, The (1996)",3.7111111111111112,3,45
251,Strictly Ballroom (1992),3.659090909090909,0,22
252,Brazil (1985),4.177966101694915,5,59
253,12 Angry Men (1957),4.149122807017544,7,57
254,Amadeus (1984),4.184210526315789,3,76
255,"Bridge on the River Kwai, The (1957)",4.122222222222222,9,45
256,Stand by Me (1986),4.0054945054945055,4,91
257,Unforgiven (1992),4.111111111111111,5,45
258,This Is Spinal Tap (1984),4.015151515151516,4,66
259,Butch Cassidy and the Sundance Kid (1969),3.943548387096774,1,62
260,Mars Attacks! (1996),3.0930232558139537,8,86
261,Waiting for Guffman (1996),3.875,9,24
262,Donnie Brasco (1997),3.7403846153846154,4,52
263,Conspiracy Theory (1997),2.941860465116279,3,43
264,"Full Monty, The (1997)",3.7589285714285716,6,56
265,Bulworth (1998),3.2708333333333335,5,24
266,Mulan (1998),3.566666666666667,7,45
267,There's Something About Mary (1998),3.676190476190476,2,105
268,West Side Story (1961),3.6029411764705883,7,34
269,"Breakfast Club, The (1985)",3.7787610619469025,1,113
270,Seven Samurai (Shichinin no samurai) (1954),4.1875,8,48
271,Blue Velvet (1986),3.9456521739130435,5,46
272,"Jerk, The (1979)",3.3703703703703702,9,27
273,Pretty in Pink (1986),3.242424242424242,6,33
274,"Gods Must Be Crazy, The (1980)",3.892857142857143,9,28
275,Strangers on a Train (1951),3.98,4,25
276,Life Is Beautiful (La Vita è bella) (1997),4.1477272727272725,5,88
277,Elizabeth (1998),3.6739130434782608,7,23
278,Waking Ned Devine (a.k.a. Waking Ned) (1998),3.673076923076923,9,26
279,Election (1999),3.6607142857142856,4,56
280,Austin Powers: The Spy Who Shagged Me (1999),3.1983471074380163,3,121
281,Eyes Wide Shut (1999),3.4622641509433962,3,53
282,"Sixth Sense, The (1999)",3.893854748603352,0,179
283,"Thomas Crown Affair, The (1999)",3.6458333333333335,1,48
284,Bowfinger (1999),2.960526315789474,8,38
285,Airplane! (1980),3.8563218390804597,2,87
286,Magnolia (1999),3.7115384615384617,5,52
287,Galaxy Quest (1999),3.58,7,75
288,"League of Their Own, A (1992)",3.466666666666667,4,45
289,Wonder Boys (2000),3.659090909090909,2,22
290,Erin Brockovich (2000),3.5285714285714285,4,70
291,High Fidelity (2000),3.6666666666666665,3,75
292,Almost Famous (2000),3.8674698795180724,1,83
293,Best in Show (2000),3.688679245283019,8,53
294,Billy Elliot (2000),3.8513513513513513,9,37
295,"Crouching Tiger, Hidden Dragon (Wo hu cang long) (2000)",3.8363636363636364,2,110
296,"Planes, Trains & Automobiles (1987)",3.8518518518518516,7,27
297,Chocolat (2000),3.521276595744681,1,47
298,"O Brother, Where Art Thou? (2000)",3.8085106382978724,3,94
299,Traffic (2000),3.9,9,70
300,Memento (2000),4.122641509433962,3,159
301,Blow (2001),3.8137254901960786,9,51
302,Bridget Jones's Diary (2001),3.623076923076923,1,65
303,Moulin Rouge (2001),3.590909090909091,5,55
304,Ghost World (2001),3.5,2,34
305,Harry Potter and the Sorcerer's Stone (a.k.a. Harry Potter and the Philosopher's Stone) (2001),3.7616822429906542,4,107
306,Babe (1995),3.65234375,6,128
307,Dead Man Walking (1995),3.8358208955223883,4,67
308,Clueless (1995),3.293269230769231,8,104
309,Apollo 13 (1995),3.845771144278607,9,201
310,Batman Forever (1995),2.9160583941605838,2,137
311,Interview with the Vampire: The Vampire Chronicles (1994),3.458715596330275,1,109
312,Little Women (1994),3.880952380952381,2,42
313,Legends of the Fall (1994),3.3970588235294117,5,68
314,Quiz Show (1994),3.5185185185185186,7,81
315,Ace Ventura: Pet Detective (1994),3.040372670807453,5,161
316,"Lion King, The (1994)",3.941860465116279,4,172
317,True Lies (1994),3.497191011235955,1,178
318,Addams Family Values (1993),3.1011904761904763,3,84
319,In the Line of Fire (1993),3.692857142857143,4,70
320,"Remains of the Day, The (1993)",3.6041666666666665,2,24
321,"Secret Garden, The (1993)",3.25,9,24
322,Terminator 2: Judgment Day (1991),3.970982142857143,2,224
323,Snow White and the Seven Dwarfs (1937),3.616883116883117,5,77
324,Pretty Woman (1990),3.4851851851851854,9,135
325,Jumanji (1995),3.4318181818181817,9,110
326,Father of the Bride Part II (1995),3.0714285714285716,6,49
327,Sabrina (1995),3.185185185185185,1,54
328,GoldenEye (1995),3.496212121212121,7,132
329,"American President, The (1995)",3.6714285714285713,4,70
330,Casino (1995),3.926829268292683,4,82
331,Sense and Sensibility (1995),3.7761194029850746,7,67
332,Ace Ventura: When Nature Calls (1995),2.727272727272727,2,88
333,Copycat (1995),3.2222222222222223,9,36
334,Powder (1995),3.125,6,28
335,Leaving Las Vegas (1995),3.625,2,76
336,"Indian in the Cupboard, The (1995)",3.235294117647059,4,34
337,Mr. Holland's Opus (1995),3.70625,7,80
338,Bio-Dome (1996),2.532258064516129,4,31
339,Broken Arrow (1996),3.0238095238095237,1,84
340,Happy Gilmore (1996),3.4393939393939394,0,99
341,"Bridges of Madison County, The (1995)",3.282608695652174,7,23
342,Rumble in the Bronx (Hont faan kui) (1995),3.5434782608695654,2,46
343,Down Periscope (1996),2.9516129032258065,3,31
344,"Birdcage, The (1996)",3.494186046511628,2,86
345,Bad Boys (1995),3.2450980392156863,6,51
346,Casper (1995),2.806451612903226,9,62
347,Congo (1995),2.8771929824561404,6,57
348,Crimson Tide (1995),3.6359223300970873,9,103
349,Die Hard: With a Vengeance (1995),3.5555555555555554,8,144
350,First Knight (1995),3.0833333333333335,9,54
351,Hackers (1995),3.2285714285714286,7,35
352,Mallrats (1995),3.4027777777777777,4,36
353,"Net, The (1995)",3.0401785714285716,9,112
354,Nine Months (1995),2.8229166666666665,9,48
355,Species (1995),2.6666666666666665,7,45
356,Under Siege 2: Dark Territory (1995),2.716666666666667,3,30
357,"Walk in the Clouds, A (1995)",3.4285714285714284,2,21
358,Waterworld (1995),2.9130434782608696,7,115
359,Don Juan DeMarco (1995),3.6125,5,40
360,Disclosure (1994),3.5384615384615383,2,52
361,Dolores Claiborne (1995),3.3958333333333335,4,24
362,French Kiss (1995),3.477777777777778,2,45
363,Forget Paris (1995),3.340909090909091,1,22
364,I.Q. (1994),3.453488372093023,8,43
365,Junior (1994),2.8285714285714287,7,35
366,"Little Princess, A (1995)",3.9047619047619047,6,21
367,Mary Shelley's Frankenstein (Frankenstein) (1994),2.9464285714285716,2,28
368,Milk Money (1994),3.25,9,22
369,Miracle on 34th Street (1994),3.223684210526316,4,38
370,Nell (1994),3.3375,2,40
371,Natural Born Killers (1994),3.233695652173913,3,92
372,Outbreak (1995),3.4257425742574257,6,101
373,Léon: The Professional (a.k.a. The Professional) (Léon) (1994),4.018796992481203,2,133
374,"Quick and the Dead, The (1995)",2.953125,7,32
375,"Specialist, The (1994)",3.0789473684210527,2,38
376,"Santa Clause, The (1994)",3.2037037037037037,0,81
377,Tank Girl (1995),2.823529411764706,5,34
378,Star Trek: Generations (1994),3.3935185185185186,4,108
379,What's Eating Gilbert Grape (1993),3.7662337662337664,8,77
380,While You Were Sleeping (1995),3.4693877551020407,3,98
381,"Client, The (1994)",3.3859649122807016,9,57
382,"Crow, The (1994)",3.609375,2,64
383,"Flintstones, The (1994)",2.357142857142857,9,42
384,Naked Gun 33 1/3: The Final Insult (1994),3.060344827586207,0,58
385,"Paper, The (1994)",3.3095238095238093,9,21
386,Richie Rich (1994),2.2,9,25
387,Speed (1994),3.5292397660818713,9,171
388,Wyatt Earp (1994),3.0952380952380953,4,21
389,City Slickers II: The Legend of Curly's Gold (1994),2.6454545454545455,9,55
390,Cliffhanger (1993),3.0346534653465347,7,101
391,Coneheads (1993),2.4206349206349205,1,63
392,Dave (1993),3.5460526315789473,7,76
393,"Firm, The (1993)",3.5346534653465347,4,101
394,Free Willy (1993),2.391891891891892,1,37
395,Hot Shots! Part Deux (1993),2.8666666666666667,2,60
396,"Englishman Who Went Up a Hill But Came Down a Mountain, The (1995)",3.2045454545454546,0,22
397,Last Action Hero (1993),2.9339622641509435,1,53
398,Executive Decision (1996),3.3780487804878048,9,41
399,Much Ado About Nothing (1993),3.813953488372093,2,43
400,Philadelphia (1993),3.6136363636363638,6,66
401,Robin Hood: Men in Tights (1993),3.130434782608696,0,69
402,Rudy (1993),3.485294117647059,2,34
403,Super Mario Bros. (1993),2.0,7,21
404,Ghost (1990),3.4347826086956523,9,115
405,"Aristocats, The (1970)",3.411111111111111,6,45
406,Primal Fear (1996),3.642857142857143,3,35
407,Sgt. Bilko (1996),3.0454545454545454,2,33
408,Multiplicity (1996),2.842857142857143,4,35
409,Striptease (1996),2.4146341463414633,9,41
410,"Hunchback of Notre Dame, The (1996)",3.3297872340425534,4,47
411,"Frighteners, The (1996)",3.4565217391304346,3,23
412,Phenomenon (1996),3.3369565217391304,6,46
413,"First Wives Club, The (1996)",3.0714285714285716,9,21
414,Matilda (1996),3.272727272727273,2,33
415,Emma (1996),3.9166666666666665,2,30
416,Tin Cup (1996),3.1744186046511627,6,43
417,"Island of Dr. Moreau, The (1996)",2.740740740740741,0,27
418,Sleepers (1996),3.6724137931034484,4,29
419,Dr. Strangelove or: How I Learned to Stop Worrying and Love the Bomb (1964),4.268041237113402,3,97
420,2001: A Space Odyssey (1968),3.8944954128440368,5,109
421,Top Gun (1986),3.3012048192771086,7,83
422,Dead Poets Society (1989),3.9593023255813953,2,86
423,Contact (1997),3.652439024390244,7,82
424,"Hunt for Red October, The (1990)",3.8722222222222222,6,90
425,"Truman Show, The (1998)",3.812,3,125
426,As Good as It Gets (1997),3.6979166666666665,1,96
427,Armageddon (1998),3.0543478260869565,0,92
428,Notting Hill (1999),3.455357142857143,6,56
429,Wild Wild West (1999),2.207547169811321,9,53
430,Ghostbusters II (1989),3.0,0,47
431,Toy Story 2 (1999),3.8608247422680413,1,97
432,Mission to Mars (2000),2.6904761904761907,4,21
433,Mission: Impossible II (2000),2.7142857142857144,6,77
434,"Naked Gun 2 1/2: The Smell of Fear, The (1991)",3.423076923076923,8,26
435,Remember the Titans (2000),3.7439024390243905,9,41
436,Charlie's Angels (2000),2.7222222222222223,9,72
437,Unbreakable (2000),3.4794520547945207,9,73
438,What Women Want (2000),3.138888888888889,4,54
439,Enemy at the Gates (2001),3.5125,0,40
440,Shrek (2001),3.8676470588235294,1,170
441,Pearl Harbor (2001),2.9651162790697674,0,43
442,A.I. Artificial Intelligence (2001),3.3392857142857144,9,56
443,Planet of the Apes (2001),2.7448979591836733,1,49
444,"Princess Diaries, The (2001)",3.037037037037037,6,27
445,K-PAX (2001),3.484848484848485,2,33
446,"Monsters, Inc. (2001)",3.871212121212121,9,132
447,Ocean's Eleven (2001),3.8445378151260505,2,119
448,"Lord of the Rings: The Fellowship of the Ring, The (2001)",4.106060606060606,3,198
449,"Beautiful Mind, A (2001)",4.0,0,123
450,Ice Age (2002),3.6882352941176473,9,85
451,Spider-Man (2002),3.540983606557377,1,122
452,Star Wars: Episode II - Attack of the Clones (2002),3.157608695652174,9,92
453,Minority Report (2002),3.6375,4,120
454,Men in Black II (a.k.a. MIIB) (a.k.a. MIB 2) (2002),2.959016393442623,2,61
455,Road to Perdition (2002),3.520408163265306,4,49
456,Signs (2002),3.1666666666666665,9,63
457,Spirited Away (Sen to Chihiro no kamikakushi) (2001),4.155172413793103,5,87
458,Harry Potter and the Chamber of Secrets (2002),3.5980392156862746,9,102
459,"Lord of the Rings: The Two Towers, The (2002)",4.0212765957446805,5,188
460,Catch Me If You Can (2002),3.9217391304347826,4,115
461,Chicago (2002),3.7244897959183674,6,49
462,X2: X-Men United (2003),3.723684210526316,9,76
463,"Matrix Reloaded, The (2003)",3.3541666666666665,9,96
464,Hulk (2003),2.5606060606060606,9,33
465,Pirates of the Caribbean: The Curse of the Black Pearl (2003),3.778523489932886,2,149
466,School of Rock (2003),3.4015151515151514,7,66
467,"Matrix Revolutions, The (2003)",3.151898734177215,6,79
468,"Last Samurai, The (2003)",3.903225806451613,2,62
469,"Lord of the Rings: The Return of the King, The (2003)",4.118918918918919,3,185
470,Man on Fire (2004),3.6285714285714286,4,35
471,Shrek 2 (2004),3.5760869565217392,9,92
472,Harry Potter and the Prisoner of Azkaban (2004),3.913978494623656,6,93
473,Dodgeball: A True Underdog Story (2004),3.551282051282051,0,39
474,Spider-Man 2 (2004),3.8037974683544302,7,79
475,"Bourne Supremacy, The (2004)",3.7866666666666666,4,75
476,"Village, The (2004)",3.1923076923076925,6,26
477,Sideways (2004),3.7435897435897436,8,39
478,Saw (2004),3.1818181818181817,2,33
479,"Incredibles, The (2004)",3.836,7,125
480,Finding Neverland (2004),3.609375,0,32
481,National Treasure (2004),3.263157894736842,7,38
482,Ocean's Twelve (2004),3.2906976744186047,0,43
483,"Aviator, The (2004)",3.5285714285714285,2,35
484,Sin City (2005),3.857142857142857,3,84
485,Star Wars: Episode III - Revenge of the Sith (2005),3.4294871794871793,9,78
486,Batman Begins (2005),3.8620689655172415,2,116
487,War of the Worlds (2005),3.15,6,50
488,"Island, The (2005)",3.3548387096774195,6,31
489,Capote (2005),3.869565217391304,2,23
490,X-Men: The Last Stand (2006),3.355769230769231,7,52
491,Cars (2006),3.3780487804878048,1,41
492,Superman Returns (2006),3.08,4,25
493,Casino Royale (2006),3.9444444444444446,9,81
494,"Holiday, The (2006)",3.2083333333333335,1,24
495,Home Alone (1990),2.9956896551724137,9,116
496,Sunset Blvd. (a.k.a. Sunset Boulevard) (1950),4.333333333333333,1,27
497,"Lawnmower Man, The (1992)",2.7708333333333335,7,24
498,Witness (1985),3.65,3,40
499,Back to the Future Part II (1989),3.5057471264367814,1,87
500,"Godfather: Part III, The (1990)",3.3555555555555556,7,45
501,"Producers, The (1968)",3.9696969696969697,6,33
502,Austin Powers in Goldmember (2002),2.8461538461538463,2,65
503,xXx (2002),2.7708333333333335,7,24
504,Die Another Day (2002),2.925925925925926,7,27
505,Adaptation (2002),3.9456521739130435,5,46
506,Gangs of New York (2002),3.518181818181818,0,55
507,Mary Poppins (1964),3.887323943661972,3,71
508,Dirty Dancing (1987),3.369047619047619,7,42
509,"Graduate, The (1967)",4.063291139240507,7,79
510,When Harry Met Sally... (1989),3.8588235294117648,7,85
511,Bring It On (2000),2.6911764705882355,9,34
512,Legally Blonde (2001),3.15625,7,64
513,About a Boy (2002),3.715909090909091,2,44
514,Sweet Home Alabama (2002),3.0535714285714284,4,28
515,How to Lose a Guy in 10 Days (2003),3.2758620689655173,9,29
516,Finding Nemo (2003),3.9609929078014185,1,141
517,Love Actually (2003),3.788135593220339,6,59
518,50 First Dates (2004),3.5531914893617023,4,47
519,Mean Girls (2004),3.7564102564102564,1,39
520,Troy (2004),3.4270833333333335,1,48
521,"Terminal, The (2004)",3.3191489361702127,4,47
522,"Notebook, The (2004)",3.5657894736842106,3,38
523,Hotel Rwanda (2004),3.7916666666666665,7,48
524,Hitch (2005),3.1666666666666665,6,45
525,Mr. & Mrs. Smith (2005),3.2796610169491527,9,59
526,Pride & Prejudice (2005),3.5555555555555554,7,27
527,Walk the Line (2005),3.7564102564102564,6,39
528,"Pursuit of Happyness, The (2006)",3.7934782608695654,5,46
529,300 (2007),3.68125,2,80
530,"Bourne Ultimatum, The (2007)",3.697530864197531,9,81
531,Juno (2007),3.769230769230769,2,65
532,Quantum of Solace (2008),3.4571428571428573,9,35
533,Twilight (2008),2.409090909090909,6,22
534,Yes Man (2008),3.6176470588235294,8,34
535,Up (2009),4.004761904761905,2,105
536,Harry Potter and the Half-Blood Prince (2009),3.8879310344827585,7,58
537,Up in the Air (2009),3.71875,3,32
538,Avatar (2009),3.6030927835051547,0,97
539,Sherlock Holmes (2009),3.853448275862069,6,58
540,Despicable Me (2010),3.6842105263157894,2,38
541,Easy A (2010),3.7962962962962963,8,27
542,"King's Speech, The (2010)",4.043103448275862,6,58
543,Tangled (2010),3.9166666666666665,0,24
544,"Crazy, Stupid, Love. (2011)",3.9838709677419355,3,31
545,"Help, The (2011)",3.8333333333333335,2,21
546,Intouchables (2011),4.108108108108108,2,37
547,Brave (2012),3.466666666666667,2,30
548,"Amazing Spider-Man, The (2012)",3.25,3,30
549,Skyfall (2012),3.81,9,50
550,Life of Pi (2012),3.629032258064516,3,31
551,"Hobbit: The Desolation of Smaug, The (2013)",3.58,4,25
552,Frozen (2013),3.6206896551724137,4,29
553,"Grand Budapest Hotel, The (2014)",3.7788461538461537,8,52
554,Kingsman: The Secret Service (2015),3.986111111111111,2,36
555,Mortal Kombat (1995),2.5434782608695654,9,46
556,"River Wild, The (1994)",3.25,2,40
557,Searching for Bobby Fischer (1993),3.875,1,40
558,Sling Blade (1996),3.8404255319148937,5,47
559,Die Hard 2 (1990),3.4044117647058822,9,68
560,Under Siege (1992),2.8541666666666665,1,24
561,Dante's Peak (1997),2.625,7,24
562,G.I. Jane (1997),2.7954545454545454,9,22
563,Air Force One (1997),3.3448275862068964,4,58
564,Titanic (1997),3.414285714285714,6,140
565,Godzilla (1998),1.9545454545454546,9,33
566,Lethal Weapon 4 (1998),2.8484848484848486,7,33
567,Lethal Weapon 3 (1992),2.9347826086956523,0,46
568,Shine (1996),4.0,9,24
569,Beavis and Butt-Head Do America (1996),2.935483870967742,7,31
570,Deep Impact (1998),3.0697674418604652,7,43
571,Splash (1984),3.1176470588235294,3,51
572,"Karate Kid, Part II, The (1986)",2.7758620689655173,1,29
573,She's All That (1999),2.8448275862068964,9,29
574,10 Things I Hate About You (1999),3.5277777777777777,1,54
575,Never Been Kissed (1999),2.9583333333333335,1,36
576,Big Daddy (1999),3.1979166666666665,6,48
577,Event Horizon (1997),2.94,2,25
578,Chasing Amy (1997),3.576923076923077,8,52
579,Cruel Intentions (1999),3.225,9,40
580,Pitch Black (2000),3.5641025641025643,3,39
581,Final Destination (2000),2.9285714285714284,6,35
582,Shanghai Noon (2000),3.1511627906976742,6,43
583,Gone in 60 Seconds (2000),3.221311475409836,9,61
584,"Patriot, The (2000)",3.448529411764706,9,68
585,What Lies Beneath (2000),3.2,9,25
586,Space Cowboys (2000),2.891304347826087,7,23
587,"Cell, The (2000)",3.0444444444444443,7,45
588,Snatch (2000),4.155913978494624,2,93
589,Hannibal (2001),2.9358974358974357,1,39
590,Showgirls (1995),2.4714285714285715,4,35
591,"Cable Guy, The (1996)",2.8055555555555554,0,54
592,Johnny Mnemonic (1995),2.6792452830188678,7,53
593,"Godfather, The (1972)",4.2890625,5,192
594,Aliens (1986),3.9642857142857144,8,126
595,"Nightmare on Elm Street, A (1984)",3.0,0,27
596,"Fifth Element, The (1997)",3.7456896551724137,9,116
597,Gattaca (1997),3.953488372093023,5,86
598,"X-Files: Fight the Future, The (1998)",3.4404761904761907,3,42
599,Lethal Weapon 2 (1989),3.1808510638297873,7,47
600,"Little Mermaid, The (1989)",3.425373134328358,4,67
601,101 Dalmatians (One Hundred and One Dalmatians) (1961),3.4318181818181817,1,44
602,Ronin (1998),3.5232558139534884,1,43
603,Misery (1990),3.840909090909091,6,44
604,Frequency (2000),3.4166666666666665,9,36
605,American Psycho (2000),3.788135593220339,2,59
606,U-571 (2000),3.4242424242424243,1,33
607,Cast Away (2000),3.7,2,100
608,"Others, The (2001)",3.6272727272727274,2,55
609,My Neighbor Totoro (Tonari no Totoro) (1988),3.9594594594594597,2,37
610,28 Days Later (2002),3.9741379310344827,1,58
611,The Butterfly Effect (2004),3.630434782608696,1,46
612,Kill Bill: Vol. 2 (2004),3.868181818181818,5,110
613,"I, Robot (2004)",3.4918032786885247,8,61
614,Children of Men (2006),3.9453125,3,64
615,"Prestige, The (2006)",4.0055555555555555,2,90
616,Ratatouille (2007),3.8680555555555554,0,72
617,I Am Legend (2007),3.4838709677419355,2,62
618,Iron Man (2008),3.824468085106383,2,94
619,WALL·E (2008),4.0576923076923075,3,104
620,Gran Torino (2008),3.9456521739130435,2,46
621,Moon (2009),3.96875,2,32
622,(500) Days of Summer (2009),3.6666666666666665,7,42
623,District 9 (2009),3.776923076923077,3,65
624,Limitless (2011),3.95,9,30
625,"Adjustment Bureau, The (2011)",3.1666666666666665,6,21
626,Source Code (2011),3.6029411764705883,3,34
627,"Avengers, The (2012)",3.869565217391304,1,69
628,The Hunger Games (2012),3.435185185185185,7,54
629,Prometheus (2012),3.2962962962962963,2,27
630,Looper (2012),3.640625,2,32
631,Gravity (2013),3.578125,8,32
632,Captain Phillips (2013),4.0476190476190474,2,21
633,Captain America: The Winter Soldier (2014),3.7419354838709675,3,31
634,Edge of Tomorrow (2014),3.977272727272727,8,44
635,Gone Girl (2014),3.7162162162162162,7,37
636,Guardians of the Galaxy (2014),4.0508474576271185,7,59
637,John Wick (2014),3.8448275862068964,7,29
638,Star Wars: Episode VII - The Force Awakens (2015),3.8536585365853657,9,41
639,Deadpool (2016),3.8333333333333335,2,54
640,Doctor Strange (2016),3.7045454545454546,4,22
641,The Martian (2015),4.0,7,48
642,Inside Out (2015),3.813953488372093,5,43
643,Zootopia (2016),3.890625,3,32
644,Rogue One: A Star Wars Story (2016),3.925925925925926,7,27
645,Taxi Driver (1976),4.105769230769231,0,104
646,Blade Runner (1982),4.100806451612903,5,124
647,Wallace & Gromit: A Close Shave (1995),3.8958333333333335,5,48
648,"Maltese Falcon, The (1941)",4.170454545454546,4,44
649,Wallace & Gromit: The Wrong Trousers (1993),4.035714285714286,3,56
650,"Sex, Lies, and Videotape (1989)",3.5869565217391304,9,23
651,One Flew Over the Cuckoo's Nest (1975),4.203007518796992,2,133
652,"Good, the Bad and the Ugly, The (Buono, il brutto, il cattivo, Il) (1966)",4.145833333333333,8,72
653,To Kill a Mockingbird (1962),4.120689655172414,7,58
654,"Grand Day Out with Wallace and Gromit, A (1989)",4.089285714285714,4,28
655,Annie Hall (1977),3.8706896551724137,5,58
656,Chinatown (1974),4.211864406779661,2,59
657,Evil Dead II (Dead by Dawn) (1987),4.044117647058823,2,34
658,"Manchurian Candidate, The (1962)",4.25,8,30
659,Cool Hand Luke (1967),4.271929824561403,7,57
660,"Killing Fields, The (1984)",4.017857142857143,7,28
661,Sliding Doors (1998),3.6,7,25
662,Payback (1999),3.422222222222222,1,45
663,Arlington Road (1999),3.272727272727273,2,22
664,Mystery Men (1999),3.08974358974359,8,39
665,Princess Mononoke (Mononoke-hime) (1997),3.9583333333333335,3,48
666,"Fisher King, The (1991)",3.8055555555555554,6,36
667,Man on the Moon (1999),3.4871794871794872,1,39
668,Donnie Darko (2001),3.981651376146789,4,109
669,"Amelie (Fabuleux destin d'Amélie Poulain, Le) (2001)",4.183333333333334,5,120
670,Laputa: Castle in the Sky (Tenkû no shiro Rapyuta) (1986),4.0625,6,24
671,Nausicaä of the Valley of the Wind (Kaze no tani no Naushika) (1984),4.0,6,23
672,Eternal Sunshine of the Spotless Mind (2004),4.1603053435114505,2,131
673,Old Boy (2003),4.089743589743589,8,39
674,"Pan's Labyrinth (Laberinto del fauno, El) (2006)",3.814814814814815,3,81
675,Toy Story 3 (2010),4.109090909090909,5,55
676,Die Hard (1988),3.8620689655172415,0,145
677,"Godfather: Part II, The (1974)",4.25968992248062,5,129
678,Raging Bull (1980),4.1875,2,40
679,"Sting, The (1973)",3.9765625,3,64
680,Star Trek III: The Search for Spock (1984),3.261904761904762,3,42
681,"Untouchables, The (1987)",3.9384615384615387,3,65
682,Trading Places (1983),3.730769230769231,3,39
683,White Men Can't Jump (1992),3.0454545454545454,1,22
684,For a Few Dollars More (Per qualche dollaro in più) (1965),4.151515151515151,9,33
685,Bill & Ted's Excellent Adventure (1989),3.7,3,45
686,City of God (Cidade de Deus) (2002),4.1466666666666665,9,75
687,Mystic River (2003),3.7115384615384617,3,52
688,Howl's Moving Castle (Hauru no ugoku shiro) (2004),4.075,7,40
689,"Wrestler, The (2008)",3.735294117647059,2,34
690,Star Trek (2009),3.864406779661017,7,59
691,"Social Network, The (2010)",3.8859649122807016,0,57
692,"Fighter, The (2010)",3.760869565217391,2,23
693,True Grit (2010),3.75,0,28
694,Carlito's Way (1993),3.738095238095238,4,42
695,Demolition Man (1993),3.0925925925925926,9,81
696,True Romance (1993),3.8,2,65
697,Dragonheart (1996),3.0923076923076924,7,65
698,Trainspotting (1996),4.03921568627451,0,102
699,Cool Runnings (1993),3.081081081081081,3,37
700,William Shakespeare's Romeo + Juliet (1996),3.7222222222222223,2,36
701,"Third Man, The (1949)",4.229166666666667,6,24
702,Star Trek: First Contact (1996),3.879120879120879,1,91
703,Star Trek II: The Wrath of Khan (1982),3.7661290322580645,3,62
704,"Lost World: Jurassic Park, The (1997)",2.753731343283582,2,67
705,Jackie Brown (1997),3.6979166666666665,9,48
706,Rain Man (1988),3.8072916666666665,4,96
707,Rocky II (1979),3.1923076923076925,6,26
708,Rocky III (1982),2.7291666666666665,1,24
709,Rocky IV (1985),2.706896551724138,7,29
710,"Karate Kid, The (1984)",3.5657894736842106,3,38
711,American Pie (1999),3.378640776699029,9,103
712,Ferris Bueller's Day Off (1986),3.8394495412844036,7,109
713,"Fistful of Dollars, A (Per un pugno di dollari) (1964)",3.9358974358974357,5,39
714,Home Alone 2: Lost in New York (1992),2.5161290322580645,0,31
715,Sleepy Hollow (1999),3.475806451612903,4,62
716,"Bodyguard, The (1992)",2.859375,6,32
717,"Boondock Saints, The (2000)",4.22093023255814,4,43
718,Modern Times (1936),3.72,2,25
719,Chicken Run (2000),3.551282051282051,4,78
720,Scary Movie (2000),2.92,0,50
721,Scarface (1983),3.9328358208955225,7,67
722,Zoolander (2001),3.509259259259259,3,54
723,Panic Room (2002),3.0,6,37
724,"Bourne Identity, The (2002)",3.8169642857142856,6,112
725,"Transporter, The (2002)",3.519230769230769,7,26
726,Bowling for Columbine (2002),3.7758620689655173,6,58
727,"Ring, The (2002)",3.202127659574468,6,47
728,Equilibrium (2002),3.875,2,44
729,"Pianist, The (2002)",4.108695652173913,1,46
730,Anger Management (2003),3.0588235294117645,4,34
731,Bruce Almighty (2003),3.316901408450704,1,71
732,"Italian Job, The (2003)",3.6186440677966103,2,59
733,All the President's Men (1976),4.018518518518518,9,27
734,Monty Python's The Meaning of Life (1983),3.95,8,40
735,Big Fish (2003),3.8333333333333335,2,69
736,"Good bye, Lenin! (2003)",3.8043478260869565,7,23
737,Hellboy (2004),3.3780487804878048,2,41
738,"Day After Tomorrow, The (2004)",3.05,1,50
739,Anchorman: The Legend of Ron Burgundy (2004),3.7719298245614037,3,57
740,Garden State (2004),3.7083333333333335,2,48
741,Team America: World Police (2004),3.46875,7,32
742,The Machinist (2004),3.986842105263158,5,38
743,Charlie and the Chocolate Factory (2005),3.0,6,61
744,"Hitchhiker's Guide to the Galaxy, The (2005)",3.4204545454545454,3,44
745,Madagascar (2005),3.375,9,40
746,Fantastic Four (2005),2.763888888888889,9,36
747,Serenity (2005),3.94,9,50
748,Lord of War (2005),3.7142857142857144,7,35
749,Aeon Flux (2005),2.761904761904762,1,21
750,Corpse Bride (2005),3.534090909090909,7,44
751,"History of Violence, A (2005)",3.5,9,27
752,Wallace & Gromit in The Curse of the Were-Rabbit (2005),3.6333333333333333,3,30
753,Kiss Kiss Bang Bang (2005),4.071428571428571,8,35
754,Ice Age 2: The Meltdown (2006),3.217391304347826,4,23
755,V for Vendetta (2006),3.885,0,100
756,Inside Man (2006),3.8,7,40
757,"Lives of Others, The (Das leben der Anderen) (2006)",4.117647058823529,2,34
758,Lucky Number Slevin (2006),3.8552631578947367,7,38
759,Pirates of the Caribbean: Dead Man's Chest (2006),3.5069444444444446,6,72
760,Little Miss Sunshine (2006),3.883116883116883,1,77
761,Zodiac (2007),3.710526315789474,2,38
762,Pirates of the Caribbean: At World's End (2007),3.4375,0,56
763,Live Free or Die Hard (2007),3.40625,3,32
764,Transformers (2007),3.3461538461538463,3,39
765,"Simpsons Movie, The (2007)",3.619565217391304,4,46
766,Into the Wild (2007),3.902439024390244,0,41
767,American Gangster (2007),3.9054054054054053,2,37
768,Sweeney Todd: The Demon Barber of Fleet Street (2007),3.716666666666667,0,30
769,In Bruges (2008),4.158536585365853,2,41
770,Indiana Jones and the Kingdom of the Crystal Skull (2008),2.8333333333333335,8,39
771,Kung Fu Panda (2008),3.4444444444444446,3,54
772,"Incredible Hulk, The (2008)",3.1714285714285713,2,35
773,Hancock (2008),3.0344827586206895,9,29
774,Watchmen (2009),3.988372093023256,5,43
775,Zack and Miri Make a Porno (2008),3.5238095238095237,1,21
776,"Curious Case of Benjamin Button, The (2008)",3.5945945945945947,9,37
777,Dr. Horrible's Sing-Along Blog (2008),3.9166666666666665,6,24
778,"Girl with the Dragon Tattoo, The (Män som hatar kvinnor) (2009)",3.94,4,25
779,X-Men Origins: Wolverine (2009),2.8653846153846154,0,26
780,"Hangover, The (2009)",3.6315789473684212,0,76
781,Alice in Wonderland (2010),2.875,6,28
782,Kick-Ass (2010),3.6511627906976742,9,43
783,Iron Man 2 (2010),3.5106382978723403,2,47
784,"Other Guys, The (2010)",3.261904761904762,5,21
785,Scott Pilgrim vs. the World (2010),3.7045454545454546,3,44
786,Thor (2011),3.514705882352941,2,34
787,Pirates of the Caribbean: On Stranger Tides (2011),3.2291666666666665,1,24
788,X-Men: First Class (2011),3.7906976744186047,7,43
789,Drive (2011),3.765625,8,32
790,Captain America: The First Avenger (2011),3.546875,0,32
791,Sherlock Holmes: A Game of Shadows (2011),3.763157894736842,4,38
792,Ted (2012),3.2857142857142856,3,21
793,"Hobbit: An Unexpected Journey, The (2012)",3.8125,3,40
794,Iron Man 3 (2013),3.5625,3,32
795,Star Trek Into Darkness (2013),3.685185185185185,9,27
796,Now You See Me (2013),3.409090909090909,0,22
797,Thor: The Dark World (2013),3.3095238095238093,0,21
798,The Hunger Games: Catching Fire (2013),3.6346153846153846,7,26
799,X-Men: Days of Future Past (2014),3.8333333333333335,9,30
800,Birdman: Or (The Unexpected Virtue of Ignorance) (2014),3.3461538461538463,8,26
801,The Imitation Game (2014),4.02,4,50
802,The Hunger Games: Mockingjay - Part 1 (2014),3.869565217391304,9,23
803,Avengers: Age of Ultron (2015),3.5185185185185186,7,27
804,Ant-Man (2015),3.7222222222222223,3,27
805,Guardians of the Galaxy 2 (2017),3.925925925925926,3,27
806,Captain America: Civil War (2016),3.6136363636363638,7,22
807,The Revenant (2015),3.903225806451613,8,31
808,"Big Short, The (2015)",3.9615384615384617,7,26
809,Arrival (2016),3.980769230769231,7,26
810,Logan (2017),4.28,3,25
811,Pocahontas (1995),3.1470588235294117,4,68
812,Muppet Treasure Island (1996),3.326923076923077,2,26
813,Judge Dredd (1995),2.6693548387096775,4,62
814,Reality Bites (1994),2.761904761904762,8,21
815,Timecop (1994),2.5,6,21
816,Beverly Hills Cop III (1994),2.7203389830508473,9,59
817,"Nightmare Before Christmas, The (1993)",3.553763440860215,8,93
818,Heavy Metal (1981),3.5454545454545454,7,33
819,Mystery Science Theater 3000: The Movie (1996),3.486111111111111,2,36
820,"Craft, The (1996)",3.032258064516129,3,31
821,Spy Hard (1996),2.5172413793103448,2,29
822,Kingpin (1996),3.369047619047619,2,42
823,"Nutty Professor, The (1996)",2.731707317073171,6,82
824,Ransom (1996),3.3378378378378377,9,37
825,Bound (1996),4.0,8,23
826,Vertigo (1958),4.025,6,60
827,Sabrina (1954),3.7666666666666666,9,30
828,To Catch a Thief (1955),4.217391304347826,7,23
829,Angels in the Outfield (1994),2.3333333333333335,7,27
830,"Long Kiss Goodnight, The (1996)",3.3181818181818183,7,33
831,Escape from New York (1981),3.448717948717949,3,39
832,Army of Darkness (1993),4.03921568627451,2,51
833,Better Off Dead... (1985),3.685185185185185,1,27
834,Arsenic and Old Lace (1944),3.8793103448275863,8,29
835,Heathers (1989),3.731707317073171,8,41
836,"Birds, The (1963)",3.602272727272727,3,44
837,Dracula (Bram Stoker's Dracula) (1992),3.4655172413793105,0,29
838,Carrie (1976),3.3472222222222223,2,36
839,101 Dalmatians (1996),3.074468085106383,2,47
840,Star Trek VI: The Undiscovered Country (1991),3.3452380952380953,6,42
841,Star Trek V: The Final Frontier (1989),2.6666666666666665,0,30
842,Star Trek IV: The Voyage Home (1986),3.4767441860465116,3,43
843,Young Guns (1988),3.1,1,25
844,Grease (1978),3.139705882352941,0,68
845,Raising Arizona (1987),3.9913793103448274,7,58
846,Scream (1996),3.2,6,70
847,Michael (1996),2.5,7,23
848,"Saint, The (1997)",3.216666666666667,2,30
849,Liar Liar (1997),3.0337837837837838,9,74
850,Anaconda (1997),1.9259259259259258,6,27
851,Batman & Robin (1997),2.2142857142857144,4,42
852,Hercules (1997),3.4516129032258065,7,31
853,My Best Friend's Wedding (1997),3.5,1,40
854,Spawn (1997),2.6346153846153846,7,26
855,In & Out (1997),2.7884615384615383,7,26
856,The Devil's Advocate (1997),3.411764705882353,2,51
857,Stripes (1981),3.7941176470588234,7,34
858,Alien: Resurrection (1997),2.922222222222222,2,45
859,Scream 2 (1997),2.9193548387096775,5,31
860,Tomorrow Never Dies (1997),3.066666666666667,9,45
861,Wag the Dog (1997),3.338709677419355,2,31
862,Dark City (1998),3.8229166666666665,6,48
863,Sphere (1998),2.760869565217391,2,23
864,Lost in Space (1998),2.4482758620689653,6,29
865,Dr. Dolittle (1998),2.609375,1,32
866,Pi (1998),3.851063829787234,9,47
867,Poltergeist (1982),3.425531914893617,1,47
868,Gremlins (1984),3.3780487804878048,3,41
869,Hocus Pocus (1993),2.760869565217391,4,23
870,"Mighty Ducks, The (1992)",2.6538461538461537,9,26
871,L.A. Story (1991),3.4791666666666665,6,24
872,Weird Science (1985),3.1136363636363638,2,22
873,"Dark Crystal, The (1982)",3.5441176470588234,3,34
874,Sixteen Candles (1984),3.6020408163265305,2,49
875,Blade (1998),3.3620689655172415,8,58
876,Cube (1997),3.425925925925926,0,27
877,Broadcast News (1987),3.4285714285714284,9,28
878,Working Girl (1988),3.2045454545454546,7,22
879,Say Anything... (1989),3.923076923076923,7,39
880,Antz (1998),3.2444444444444445,2,45
881,My Cousin Vinny (1992),3.26271186440678,7,59
882,Pleasantville (1998),3.4836065573770494,3,61
883,"Waterboy, The (1998)",3.1785714285714284,7,28
884,"Bug's Life, A (1998)",3.516304347826087,1,92
885,Desperately Seeking Susan (1985),2.6666666666666665,6,24
886,Fletch (1985),3.0833333333333335,9,24
887,"Money Pit, The (1986)",2.9285714285714284,7,21
888,Star Trek: Insurrection (1998),3.1515151515151514,6,33
889,"Prince of Egypt, The (1998)",3.5,3,25
890,Shakespeare in Love (1998),3.777173913043478,1,92
891,Cocoon (1985),3.2674418604651163,1,43
892,Christmas Vacation (National Lampoon's Christmas Vacation) (1989),3.566666666666667,8,30
893,"Faculty, The (1998)",2.4782608695652173,7,23
894,"Fly, The (1986)",3.383720930232558,1,43
895,Blast from the Past (1999),3.108695652173913,9,23
896,Analyze This (1999),3.095744680851064,7,47
897,Entrapment (1999),2.988372093023256,1,43
898,Superman III (1983),2.25,9,22
899,Tarzan (1999),3.4583333333333335,8,24
900,Arachnophobia (1990),2.811320754716981,0,53
901,"Blair Witch Project, The (1999)",2.796875,8,64
902,Inspector Gadget (1999),2.0952380952380953,9,21
903,Deep Blue Sea (1999),2.7758620689655173,0,29
904,Little Shop of Horrors (1986),3.3333333333333335,6,39
905,Monty Python's And Now for Something Completely Different (1971),4.053571428571429,5,28
906,"Christmas Story, A (1983)",3.9727272727272727,1,55
907,Stigmata (1999),2.869565217391304,1,23
908,Risky Business (1983),3.4404761904761907,1,42
909,Time Bandits (1981),3.731707317073171,6,41
910,"Bone Collector, The (1999)",2.84,0,25
911,"Adventures of Buckaroo Banzai Across the 8th Dimension, The (1984)",3.5476190476190474,4,21
912,Moonstruck (1987),3.5555555555555554,9,27
913,"World Is Not Enough, The (1999)",3.3333333333333335,1,39
914,Scrooged (1988),3.1666666666666665,9,24
915,Fatal Attraction (1987),3.0972222222222223,6,36
916,Midnight Run (1988),3.6363636363636362,2,22
917,Wayne's World 2 (1993),3.2962962962962963,0,27
918,Buffy the Vampire Slayer (1992),2.423076923076923,3,26
919,Forever Young (1992),2.8518518518518516,4,27
920,"Whole Nine Yards, The (2000)",3.5238095238095237,9,42
921,Bull Durham (1988),3.6714285714285713,7,35
922,"Muppet Movie, The (1979)",3.590909090909091,3,33
923,Thelma & Louise (1991),3.4634146341463414,3,41
924,Animal House (1978),3.693548387096774,0,62
925,Do the Right Thing (1989),4.037037037037037,2,27
926,Close Encounters of the Third Kind (1977),3.7416666666666667,1,60
927,Jacob's Ladder (1990),3.5576923076923075,6,26
928,28 Days (2000),3.3,0,25
929,Keeping the Faith (2000),3.4523809523809526,2,21
930,Pee-wee's Big Adventure (1985),2.94,7,25
931,"Running Man, The (1987)",3.2205882352941178,8,34
932,Mad Max Beyond Thunderdome (1985),3.2708333333333335,0,24
933,Titan A.E. (2000),3.413793103448276,7,29
934,"Me, Myself & Irene (2000)",3.0869565217391304,3,46
935,Coyote Ugly (2000),2.7413793103448274,4,29
936,Hollow Man (2000),2.2948717948717947,0,39
937,Cinderella (1950),3.488095238095238,4,42
938,"Sound of Music, The (1965)",3.9375,1,64
939,"Mask of Zorro, The (1998)",3.1,7,60
940,Peter Pan (1953),3.573170731707317,6,41
941,Teenage Mutant Ninja Turtles (1990),3.0,3,25
942,"Perfect Storm, The (2000)",3.1704545454545454,4,44
943,Meet the Parents (2000),3.4175824175824174,6,91
944,How the Grinch Stole Christmas (a.k.a. The Grinch) (2000),3.0454545454545454,1,33
945,"Emperor's New Groove, The (2000)",3.7162162162162162,1,37
946,Finding Forrester (2000),3.7142857142857144,2,28
947,Miss Congeniality (2000),3.0546875,9,64
948,"Mexican, The (2001)",3.347826086956522,1,23
949,Spy Kids (2001),2.9464285714285716,7,28
950,"Mummy Returns, The (2001)",3.088888888888889,6,45
951,"Knight's Tale, A (2001)",3.341463414634146,9,41
952,Swordfish (2001),3.1029411764705883,3,34
953,Lara Croft: Tomb Raider (2001),2.9,7,40
954,"Fast and the Furious, The (2001)",3.066666666666667,0,45
955,Final Fantasy: The Spirits Within (2001),3.3548387096774195,4,31
956,Jurassic Park III (2001),2.8472222222222223,2,36
957,American Pie 2 (2001),3.066666666666667,9,45
958,Jay and Silent Bob Strike Back (2001),3.161764705882353,0,34
959,Training Day (2001),3.7941176470588234,7,51
960,Mulholland Drive (2001),3.843137254901961,5,51
961,Spy Game (2001),3.4814814814814814,7,27
962,"Royal Tenenbaums, The (2001)",3.6838235294117645,5,68
963,Gosford Park (2001),3.7037037037037037,4,27
964,"Sandlot, The (1993)",3.4375,9,24
965,Super Troopers (2001),3.6041666666666665,7,24
966,"Time Machine, The (2002)",2.8636363636363638,9,22
967,Blade II (2002),3.2058823529411766,7,34
968,My Big Fat Greek Wedding (2002),3.2666666666666666,3,60
969,The Scorpion King (2002),2.2954545454545454,5,22
970,Insomnia (2002),3.303030303030303,3,33
971,Red Dragon (2002),3.435483870967742,2,31
972,Daredevil (2003),2.5,1,32
973,"View to a Kill, A (1985)",3.2142857142857144,0,21
974,Police Academy (1984),3.022727272727273,9,22
975,First Blood (Rambo: First Blood) (1982),3.55,7,30
976,Runaway Bride (1999),2.8333333333333335,4,42
977,For Your Eyes Only (1981),3.5476190476190474,9,21
978,Moonraker (1979),3.1346153846153846,0,26
979,Predator 2 (1990),2.9047619047619047,0,21
980,"Naked Gun: From the Files of Police Squad!, The (1988)",3.4047619047619047,4,42
981,Diamonds Are Forever (1971),3.5,9,21
982,Beverly Hills Cop (1984),3.402173913043478,7,46
983,Coming to America (1988),3.4583333333333335,2,24
984,Rush Hour 2 (2001),3.370967741935484,2,31
985,Resident Evil (2002),3.0833333333333335,1,30
986,Charlie's Angels: Full Throttle (2003),2.3703703703703702,9,27
987,Meet the Fockers (2004),3.106060606060606,9,33
988,Wedding Crashers (2005),3.5086206896551726,9,58
989,Harry Potter and the Goblet of Fire (2005),3.816901408450704,6,71
990,"Chronicles of Narnia: The Lion, the Witch and the Wardrobe, The (2005)",3.443548387096774,1,62
991,Mission: Impossible III (2006),3.5892857142857144,2,28
992,"Da Vinci Code, The (2006)",3.122448979591837,9,49
993,Click (2006),2.9782608695652173,1,23
994,Night at the Museum (2006),3.239130434782609,9,23
995,Knocked Up (2007),3.6538461538461537,5,52
996,Shrek the Third (2007),3.0238095238095237,9,21
997,Ocean's Thirteen (2007),3.484848484848485,9,33
998,National Treasure: Book of Secrets (2007),3.0416666666666665,9,24
999,Forgetting Sarah Marshall (2008),3.769230769230769,7,39
1000,Taken (2008),3.619047619047619,6,42
1001,Slumdog Millionaire (2008),3.8098591549295775,1,71
1002,"Blind Side, The  (2009)",3.6774193548387095,6,31
1003,How to Train Your Dragon (2010),3.943396226415094,3,53
1004,Black Swan (2010),3.630952380952381,3,42
1005,Harry Potter and the Deathly Hallows: Part 1 (2010),3.9893617021276597,9,47
1006,Harry Potter and the Deathly Hallows: Part 2 (2011),3.91,1,50
1007,Rise of the Planet of the Apes (2011),3.462962962962963,7,27
1008,Mission: Impossible - Ghost Protocol (2011),3.659090909090909,2,22
1009,21 Jump Street (2012),3.8653846153846154,2,26
1010,Wreck-It Ralph (2012),3.75,4,22
1011,We're the Millers (2013),3.738095238095238,0,21
1012,Her (2013),3.92,9,25
1013,The Lego Movie (2014),3.870967741935484,2,31
1014,Big Hero 6 (2014),3.8536585365853657,2,41
1015,Jurassic World (2015),3.260869565217391,3,23
1016,Midnight Cowboy (1969),3.9545454545454546,4,22
1017,"French Connection, The (1971)",3.871794871794872,3,39
1018,Rosemary's Baby (1968),4.171875,4,32
1019,"Insider, The (1999)",3.7419354838709675,4,31
1020,Secretary (2002),3.9,3,25
1021,Punch-Drunk Love (2002),3.621212121212121,1,33
1022,Lost in Translation (2003),4.033783783783784,3,74
1023,Super Size Me (2004),3.51,1,50
1024,Fahrenheit 9/11 (2004),3.4864864864864864,5,37
1025,Million Dollar Baby (2004),3.8461538461538463,9,52
1026,Broken Flowers (2005),3.4761904761904763,4,21
1027,Brokeback Mountain (2005),3.5588235294117645,3,34
1028,Munich (2005),3.8095238095238093,6,21
1029,Stranger than Fiction (2006),3.6931818181818183,6,44
1030,Grindhouse (2007),3.425925925925926,9,27
1031,Death Proof (2007),3.1346153846153846,2,26
1032,Superbad (2007),3.8636363636363638,3,55
1033,No Country for Old Men (2007),3.8984375,8,64
1034,There Will Be Blood (2007),4.142857142857143,3,28
1035,Burn After Reading (2008),3.4871794871794872,3,39
1036,Coraline (2009),3.7,3,35
1037,"City of Lost Children, The (Cité des enfants perdus, La) (1995)",4.0131578947368425,5,38
1038,"Madness of King George, The (1994)",3.7580645161290325,9,31
1039,Ghost in the Shell (Kôkaku kidôtai) (1995),4.148148148148148,5,27
1040,Delicatessen (1991),3.8333333333333335,4,21
1041,"Boot, Das (Boat, The) (1981)",4.2125,6,40
1042,"Femme Nikita, La (Nikita) (1990)",4.071428571428571,2,35
1043,Akira (1988),3.7435897435897436,2,39
1044,Midnight in the Garden of Good and Evil (1997),3.1041666666666665,1,24
1045,Fear and Loathing in Las Vegas (1998),3.967391304347826,4,46
1046,"Last Emperor, The (1987)",3.6923076923076925,6,26
1047,Amores Perros (Love's a Bitch) (2000),3.9347826086956523,2,23
1048,"Triplets of Belleville, The (Les triplettes de Belleville) (2003)",3.7045454545454546,9,22
1049,"Jewel of the Nile, The (1985)",2.8095238095238093,4,21
1050,"Virgin Suicides, The (1999)",3.769230769230769,4,26
1051,The Count of Monte Cristo (2002),3.828125,9,32
1052,Constantine (2005),3.4714285714285715,9,35
1053,"40-Year-Old Virgin, The (2005)",3.5472972972972974,1,74
1054,"Illusionist, The (2006)",3.7790697674418605,4,43
1055,Cloverfield (2008),3.3518518518518516,2,27
1056,Pineapple Express (2008),3.6774193548387095,0,31
1057,Tropic Thunder (2008),3.5,8,33
1058,Midnight in Paris (2011),3.56,8,25
1059,"African Queen, The (1951)",3.9705882352941178,2,34
1060,"Great Escape, The (1963)",4.127906976744186,2,43
1061,Ben-Hur (1959),3.9411764705882355,3,34
1062,Jaws (1975),4.0054945054945055,6,91
1063,Little Big Man (1970),4.145833333333333,3,24
1064,"People vs. Larry Flynt, The (1996)",3.537037037037037,6,27
1065,"Day the Earth Stood Still, The (1951)",3.82,9,25
1066,Fried Green Tomatoes (1991),3.5,6,30
1067,Dune (1984),3.4324324324324325,3,37
1068,Rounders (1998),3.861111111111111,2,36
1069,Boys Don't Cry (1999),3.551282051282051,2,39
1070,"River Runs Through It, A (1992)",3.9318181818181817,0,22
1071,Awakenings (1990),3.6818181818181817,2,22
1072,Backdraft (1991),3.3043478260869565,9,23
1073,Scent of a Woman (1992),3.5925925925925926,3,27
1074,Patriot Games (1992),3.5161290322580645,2,31
1075,Hoosiers (a.k.a. Best Shot) (1986),3.7045454545454546,3,22
1076,Evolution (2001),3.037037037037037,7,27
1077,Black Hawk Down (2001),3.81,9,50
1078,About Schmidt (2002),3.173076923076923,9,26
1079,Phone Booth (2002),3.140625,3,32
1080,Terminator 3: Rise of the Machines (2003),3.0444444444444443,3,45
1081,Master and Commander: The Far Side of the World (2003),3.638888888888889,3,36
1082,21 Grams (2003),3.3,6,25
1083,Bad Santa (2003),3.3653846153846154,3,26
1084,Hero (Ying xiong) (2002),3.9210526315789473,3,38
1085,Shaun of the Dead (2004),4.0064935064935066,8,77
1086,House of Flying Daggers (Shi mian mai fu) (2004),3.52,3,25
1087,Crash (2004),3.89,5,50
1088,King Kong (2005),3.4,2,40
1089,Thank You for Smoking (2006),4.027777777777778,1,36
1090,Babel (2006),3.5,6,31
1091,Borat: Cultural Learnings of America for Make Benefit Glorious Nation of Kazakhstan (2006),3.3461538461538463,5,65
1092,Blood Diamond (2006),3.7641509433962264,4,53
1093,Hot Fuzz (2007),4.0,3,61
1094,Shooter (2007),3.86,6,25
1095,1408 (2007),3.16,8,25
1096,3:10 to Yuma (2007),4.06,4,25
1097,It's a Wonderful Life (1946),4.0344827586206895,5,58
1098,Lawrence of Arabia (1962),4.3,7,45
1099,Glory (1989),4.170731707317073,7,41
1100,U.S. Marshals (1998),3.0217391304347827,6,23
1101,On the Waterfront (1954),4.1875,3,24
1102,American Graffiti (1973),3.8488372093023258,6,43
1103,Super 8 (2011),3.5952380952380953,8,21
1104,"Right Stuff, The (1983)",3.8636363636363638,7,22
1105,Jerry Maguire (1996),3.5941176470588236,8,85
1106,"To Wong Foo, Thanks for Everything! Julie Newmar (1995)",3.4318181818181817,2,22
1107,Hoop Dreams (1994),4.293103448275862,1,29
1108,"Hudsucker Proxy, The (1994)",3.55,6,40
1109,Eraser (1996),3.109375,4,64
1110,Three Colors: Blue (Trois couleurs: Bleu) (1993),3.8958333333333335,4,24
1111,Welcome to the Dollhouse (1995),3.5434782608695654,8,23
1112,"Time to Kill, A (1996)",3.657142857142857,1,35
1113,Robin Hood: Prince of Thieves (1991),3.017857142857143,9,28
1114,Private Parts (1997),3.5384615384615383,7,26
1115,Boogie Nights (1997),4.076923076923077,8,39
1116,"Man in the Iron Mask, The (1998)",3.5,4,25
1117,"Simple Plan, A (1998)",3.7954545454545454,9,22
1118,October Sky (1999),3.75,2,30
1119,Mr. Deeds (2002),2.909090909090909,6,22
1120,Dog Day Afternoon (1975),3.9342105263157894,3,38
1121,"Brady Bunch Movie, The (1995)",2.736111111111111,6,36
1122,"Beach, The (2000)",3.0625,1,32
1123,Bedazzled (2000),3.074074074074074,4,27
1124,Shallow Hal (2001),3.032258064516129,9,31
1125,Matchstick Men (2003),3.7205882352941178,7,34
1126,Along Came Polly (2004),3.0416666666666665,9,24
1127,13 Going on 30 (2004),3.1904761904761907,1,21
1128,Harry Potter and the Order of the Phoenix (2007),3.8620689655172415,2,58
1129,Horrible Bosses (2011),3.4375,1,24
1130,"Cabin in the Woods, The (2012)",4.0227272727272725,3,22
1131,Silver Linings Playbook (2012),3.716666666666667,4,30
1132,Drop Zone (1994),2.8636363636363638,1,22
1133,Airheads (1994),2.7884615384615383,2,26
1134,Cape Fear (1991),3.78,2,25
1135,Romy and Michele's High School Reunion (1997),2.9655172413793105,9,29
1136,"Big Chill, The (1983)",3.84,2,25
1137,Pushing Tin (1999),2.84,7,25
1138,National Lampoon's Vacation (1983),3.6538461538461537,9,26
1139,Mickey Blue Eyes (1999),3.0,4,23
1140,Deliverance (1972),3.9,3,30
1141,Three Kings (1999),3.7111111111111112,7,45
1142,"Natural, The (1984)",3.6458333333333335,1,24
1143,"Girl, Interrupted (1999)",3.4642857142857144,7,28
1144,Boiler Room (2000),3.7142857142857144,9,21
1145,Caddyshack (1980),3.826923076923077,9,52
1146,City Slickers (1991),3.370967741935484,9,31
1147,Tootsie (1982),3.421875,1,32
1148,RoboCop 3 (1993),2.4047619047619047,1,21
1149,Roger & Me (1989),3.838709677419355,3,31
1150,"Addams Family, The (1991)",3.289473684210526,7,38
1151,Patch Adams (1998),3.3703703703703702,9,27
1152,National Lampoon's Van Wilder (2002),2.909090909090909,9,22
1153,Pay It Forward (2000),3.4423076923076925,4,26
1154,Vanilla Sky (2001),3.4204545454545454,6,44
1155,Alien³ (a.k.a. Alien 3) (1992),3.148936170212766,8,47
1156,"Chronicles of Riddick, The (2004)",3.3043478260869565,1,23
1157,"Apartment, The (1960)",3.962962962962963,1,27
1158,8 Mile (2002),3.292682926829268,9,41
1159,Argo (2012),3.982142857142857,7,28
1160,Harold and Maude (1971),4.288461538461538,5,26
1161,Manhattan (1979),4.106060606060606,2,33
1162,"Omen, The (1976)",3.8181818181818183,2,22
1163,"Exorcist, The (1973)",3.80188679245283,0,53
1164,"Cider House Rules, The (1999)",3.75,8,26
1165,Identity (2003),3.6818181818181817,7,22
1166,Spider-Man 3 (2007),3.0,6,44
1167,Planet Terror (2007),3.7954545454545454,3,22
1168,"Hurt Locker, The (2008)",4.0588235294117645,6,34
1169,"Arrival, The (1996)",3.1136363636363638,4,22
1170,Roman Holiday (1953),4.0576923076923075,9,26
1171,"Return of the Pink Panther, The (1975)",3.6875,3,24
1172,Halloween (1978),3.7222222222222223,4,27
1173,Gandhi (1982),3.8333333333333335,6,27
1174,Strange Days (1995),3.25,5,28
1175,Mulholland Falls (1996),2.880952380952381,8,21
1176,Out of Sight (1998),3.859375,0,32
1177,Doctor Zhivago (1965),4.142857142857143,2,21
1178,"Player, The (1992)",3.9473684210526314,3,38
1179,Dangerous Liaisons (1988),4.0,8,25
1180,Network (1976),4.0227272727272725,6,22
1181,"League of Extraordinary Gentlemen, The (a.k.a. LXG) (2003)",2.625,7,32
1182,Lemony Snicket's A Series of Unfortunate Events (2004),3.16,1,25
1183,Wanted (2008),3.159090909090909,6,22
1184,Moneyball (2011),3.8846153846153846,7,26
1185,Man of Steel (2013),3.2954545454545454,6,22
1186,Snowpiercer (2013),3.4285714285714284,3,21
1187,Repo Man (1984),3.380952380952381,3,21
1188,"Evil Dead, The (1981)",3.8181818181818183,1,22
1189,Battle Royale (Batoru rowaiaru) (2000),3.933333333333333,5,30
1190,Napoleon Dynamite (2004),3.324324324324324,7,37
1191,"Motorcycle Diaries, The (Diarios de motocicleta) (2004)",3.7962962962962963,0,27
1192,"Scanner Darkly, A (2006)",3.6136363636363638,8,22
1193,"Life Aquatic with Steve Zissou, The (2004)",3.4864864864864864,3,37
1194,28 Weeks Later (2007),3.5952380952380953,7,21
1195,Stardust (2007),3.6029411764705883,6,34
1196,Night of the Living Dead (1968),3.75,8,28
1197,"Family Man, The (2000)",3.130434782608696,4,23
1198,"Lost Boys, The (1987)",3.7115384615384617,8,26
1199,And Your Mother Too (Y tu mamá también) (2001),3.9523809523809526,6,21
1200,25th Hour (2002),3.840909090909091,2,22
1201,Old School (2003),3.5128205128205128,2,39
1202,Bend It Like Beckham (2002),3.3,0,40
1203,Elf (2003),3.6923076923076925,6,39
1204,Underworld (2003),3.5,6,33
1205,WarGames (1983),3.3095238095238093,9,21
1206,Starsky & Hutch (2004),3.2857142857142856,7,21
1207,Ever After: A Cinderella Story (1998),3.619047619047619,9,21
1208,Crocodile Dundee II (1988),2.4791666666666665,3,24
1209,"Dude, Where's My Car? (2000)",2.727272727272727,0,33
1210,"Wedding Planner, The (2001)",2.909090909090909,9,22
1211,Scary Movie 2 (2001),2.6538461538461537,4,26
1212,Serendipity (2001),3.14,9,25
1213,Lilo & Stitch (2002),3.810344827586207,6,29
1214,Van Helsing (2004),2.7083333333333335,1,24
1215,Harold and Kumar Go to White Castle (2004),3.4558823529411766,0,34
1216,I Heart Huckabees (2004),3.4523809523809526,3,21
1217,"Devil Wears Prada, The (2006)",3.5588235294117645,7,34
1218,Bridesmaids (2011),3.761904761904762,2,21
1219,Moonrise Kingdom (2012),3.7758620689655173,5,29
1220,Cinema Paradiso (Nuovo cinema Paradiso) (1989),4.161764705882353,1,34
1221,Driving Miss Daisy (1989),3.739130434782609,6,23
1222,All About Eve (1950),4.229166666666667,2,24
1223,Metropolis (1927),3.857142857142857,4,21
1224,Babe: Pig in the City (1998),2.7758620689655173,6,29
1225,Freaky Friday (2003),3.2083333333333335,2,24
1226,Weekend at Bernie's (1989),2.5476190476190474,0,21
1227,"Darjeeling Limited, The (2007)",3.4285714285714284,2,21
1228,"American Werewolf in London, An (1981)",3.4130434782608696,7,23
1229,eXistenZ (1999),3.8636363636363638,2,22
1230,Terms of Endearment (1983),3.7954545454545454,2,22
1231,Little Nicky (2000),2.5,4,24
1232,Joe Dirt (2001),2.380952380952381,5,21
1233,RoboCop 2 (1990),2.64,1,25
1234,"Poseidon Adventure, The (1972)",3.0952380952380953,5,21
